-- --------------------------------------------------------
-- Host:                         127.0.0.1
-- Versión del servidor:         8.0.22 - MySQL Community Server - GPL
-- SO del servidor:              Win64
-- HeidiSQL Versión:             11.1.0.6116
-- --------------------------------------------------------

/*!40101 SET @OLD_CHARACTER_SET_CLIENT=@@CHARACTER_SET_CLIENT */;
/*!40101 SET NAMES utf8 */;
/*!50503 SET NAMES utf8mb4 */;
/*!40014 SET @OLD_FOREIGN_KEY_CHECKS=@@FOREIGN_KEY_CHECKS, FOREIGN_KEY_CHECKS=0 */;
/*!40101 SET @OLD_SQL_MODE=@@SQL_MODE, SQL_MODE='NO_AUTO_VALUE_ON_ZERO' */;
/*!40111 SET @OLD_SQL_NOTES=@@SQL_NOTES, SQL_NOTES=0 */;


-- Volcando estructura de base de datos para proyecto
CREATE DATABASE IF NOT EXISTS `proyecto` /*!40100 DEFAULT CHARACTER SET utf8 */ /*!80016 DEFAULT ENCRYPTION='N' */;
USE `proyecto`;

-- Volcando estructura para tabla proyecto.categorias
CREATE TABLE IF NOT EXISTS `categorias` (
  `nombre` varchar(50) NOT NULL,
  `descripcion` varchar(200) DEFAULT NULL,
  PRIMARY KEY (`nombre`)
) ENGINE=InnoDB DEFAULT CHARSET=utf8;

-- Volcando datos para la tabla proyecto.categorias: ~0 rows (aproximadamente)
/*!40000 ALTER TABLE `categorias` DISABLE KEYS */;
INSERT INTO `categorias` (`nombre`, `descripcion`) VALUES
	('Altavoces', 'Reproduce sonidos interpretados por la computadora.'),
	('Discos Duros', 'Es la unidad de almacenamiento, encargada de guardar la información.'),
	('Fuentes de Alimentación', 'Una fuente de alimentación convierte la corriente alterna en una forma continua de energía que los componentes del ordenador necesitan para funcionar, llamada corriente continua.'),
	('Impresoras', 'Ofrece la posibilidad de imprimir sobre papel u otros tipos de sustrato los textos o gráficos producidos por una aplicación.'),
	('Memorias RAMs', 'La memoria de acceso aleatorio se utiliza como memoria de trabajo de computadoras y otros dispositivos para el sistema operativo, los programas y la mayor parte del software.'),
	('Monitores', 'Muestra datos o información al usuario.'),
	('Placas Bases', 'Es una tarjeta de circuito impreso a la que se conectan los componentes que constituyen la computadora.'),
	('Procesadores', 'Es la unidad de procesamiento encargada de interpretar las instrucciones de un hardware haciendo uso de distintas operaciones aritméticas y matemáticas.'),
	('Ratones', 'Es un dispositivo señalador con el que mandamos un pulso a un punto en concreto situado en la pantalla.'),
	('Tarjetas de Red', 'Es un dispositivo introducido en la placa base o a través de usb para que la computadora se sume a una red, y así poder comunicarse entre otras computadoras.'),
	('Tarjetas Gráficas', 'Está dedicada al procesamiento de datos relacionados con el vídeo y las imágenes que se están reproduciendo en el ordenador.'),
	('Teclados', 'Se utiliza para mandar órdenes al ordenador a trabés de teclas alfanuméricas.'),
	('Torres', 'Es una especie de estructura donde se alojan los distintos componentes que forman parte de la computadora.');
/*!40000 ALTER TABLE `categorias` ENABLE KEYS */;

-- Volcando estructura para tabla proyecto.clientes
CREATE TABLE IF NOT EXISTS `clientes` (
  `nombre` varchar(45) DEFAULT NULL,
  `apellidos` varchar(90) DEFAULT NULL,
  `dni` varchar(9) NOT NULL,
  `telefono` int DEFAULT NULL,
  `email` varchar(100) DEFAULT NULL,
  `direccion` varchar(150) DEFAULT NULL,
  PRIMARY KEY (`dni`)
) ENGINE=InnoDB DEFAULT CHARSET=utf8;

-- Volcando datos para la tabla proyecto.clientes: ~0 rows (aproximadamente)
/*!40000 ALTER TABLE `clientes` DISABLE KEYS */;
INSERT INTO `clientes` (`nombre`, `apellidos`, `dni`, `telefono`, `email`, `direccion`) VALUES
	('Rafferty', 'Rafferty Smye', '11151697', 729226912, 'rsmye19@msn.com', '61961 Ryan Street'),
	('Shelia', 'Shelia Asey', '11782798', 200687859, 'sasey7@tinypic.com', '37 Coolidge Alley'),
	('See', 'See Gresley', '1598872', 811698725, 'sgresley14@dot.gov', '27 Ruskin Junction'),
	('Lynde', 'Lynde Buttrum', '16118119', 923271909, 'lbuttrume@eventbrite.com', '103 Ramsey Avenue'),
	('Bambi', 'Bambi Knell', '19064094', 290129200, 'bknell5@stanford.edu', '28416 Transport Point'),
	('Sloane', 'Sloane Keynd', '19698227', 143302717, 'skeynd2@phoca.cz', '222 Dayton Crossing'),
	('Jody', 'Jody Broadfoot', '21836743', 193831149, 'jbroadfootj@sogou.com', '8 Nelson Plaza'),
	('Cristie', 'Cristie Dorkin', '22471218', 389542971, 'cdorkin11@barnesandnoble.com', '7277 Hanson Plaza'),
	('Mathe', 'Mathe Gambell', '2575792', 623811075, 'mgambellh@vinaora.com', '8 Dunning Road'),
	('Violette', 'Violette Heck', '27528486', 809741609, 'vheckd@microsoft.com', '54 Mcguire Road'),
	('Audrey', 'Audrey Folini', '27957229', 700939186, 'afolini1@zimbio.com', '77 Acker Avenue'),
	('Amos', 'Amos Harfoot', '29767169', 496620677, 'aharfootk@sourceforge.net', '77628 Dapin Place'),
	('Benyamin', 'Benyamin Dibbert', '3728764', 758136084, 'bdibbertu@amazon.co.jp', '468 Cottonwood Court'),
	('Harv', 'Harv Rolse', '37928544', 828331029, 'hrolse4@theatlantic.com', '640 Monument Trail'),
	('Averell', 'Averell Ballendine', '39759662', 210643738, 'aballendinep@vk.com', '84689 Mendota Way'),
	('Morris', 'Morris Mockes', '41000674', 460119837, 'mmockess@163.com', '6 Blaine Drive'),
	('Damiano', 'Damiano O\' Donohoe', '41485801', 752947660, 'dog@weebly.com', '2144 Dorton Place'),
	('Tedd', 'Tedd Hanretty', '4405065', 868202862, 'thanrettyo@nasa.gov', '47725 Moose Point'),
	('Tucky', 'Tucky MacLese', '44480211', 885404198, 'tmaclese18@vistaprint.com', '07469 Novick Circle'),
	('Sunny', 'Sunny Ebbens', '44662164', 649988971, 'sebbensq@wikispaces.com', '7 Old Shore Drive'),
	('Hillie', 'Hillie Marriner', '45908660', 933911192, 'hmarrinerw@scribd.com', '54863 Green Alley'),
	('Richie', 'Richie Moth', '4630140', 898823775, 'rmothc@freewebs.com', '95757 Mandrake Junction'),
	('Agatha', 'Agatha Duffett', '47396607', 627143836, 'aduffettr@comsenz.com', '922 Fulton Crossing'),
	('Bobbye', 'Bobbye Fellman', '50826332', 800624301, 'bfellman1a@4shared.com', '4 Village Avenue'),
	('Dori', 'Dori Goodbarne', '55635056', 364343683, 'dgoodbarnen@jalbum.net', '8 Transport Trail'),
	('Easter', 'Easter Rosenshine', '55835169', 697141523, 'erosenshiney@wsj.com', '72958 Rowland Place'),
	('Kattie', 'Kattie Mounter', '59293203', 848128503, 'kmounterl@ameblo.jp', '12225 Scofield Avenue'),
	('Fae', 'Fae Attenburrow', '59517225', 469963650, 'fattenburrow13@washingtonpost.com', '0 Paget Junction'),
	('Eydie', 'Eydie Naughton', '59738979', 565428323, 'enaughton1d@taobao.com', '04003 Village Avenue'),
	('Roxanne', 'Roxanne Fentem', '61127639', 569507131, 'rfentem6@meetup.com', '5497 Walton Terrace'),
	('Danyette', 'Danyette Gosker', '68235223', 969517788, 'dgoskert@booking.com', '5335 Bashford Road'),
	('Hilde', 'Hilde Wotton', '6889839', 825908070, 'hwotton15@apple.com', '93 Talmadge Park'),
	('Kaia', 'Kaia Ammer', '70603251', 627581807, 'kammera@ihg.com', '747 Walton Parkway'),
	('Emmalyn', 'Emmalyn L\'Episcopio', '70682249', 528260339, 'elepiscopioi@barnesandnoble.com', '2393 North Court'),
	('Marcelia', 'Marcelia Shilito', '70788474', 559442524, 'mshilitov@ucoz.ru', '9184 Di Loreto Terrace'),
	('Dougie', 'Dougie Rand', '70911844', 517539891, 'drand9@ftc.gov', '82679 Amoth Parkway'),
	('Dirk', 'Dirk McKinty', '72605563', 103471988, 'dmckinty17@bbc.co.uk', '8150 Orin Trail'),
	('Barth', 'Barth Laden', '74718871', 890084372, 'bladenf@uol.com.br', '6 Banding Point'),
	('Fairlie', 'Fairlie Jeremaes', '77921135', 549525929, 'fjeremaes1b@eventbrite.com', '94 Oak Crossing'),
	('Regan', 'Regan Bachura', '78072095', 476227698, 'rbachura10@forbes.com', '809 Harper Way'),
	('Spense', 'Spense Corkett', '83083097', 664411811, 'scorkettm@nymag.com', '5960 Schlimgen Center'),
	('Nessie', 'Nessie Hynard', '87713720', 161673703, 'nhynardb@multiply.com', '29 Arizona Park'),
	('Eamon', 'Eamon Becom', '88038665', 122564353, 'ebecom1c@slate.com', '83792 Logan Lane'),
	('Jandy', 'Jandy Christian', '89891957', 171705850, 'jchristian0@parallels.com', '2554 Glendale Point'),
	('Marijn', 'Marijn Vaskov', '89955395', 969726646, 'mvaskovx@ask.com', '97909 Algoma Pass'),
	('Vincent', 'Vincent Hinksen', '90058139', 593647559, 'vhinksenz@4shared.com', '1731 Prairieview Terrace'),
	('Arlinda', 'Arlinda Conre', '93039249', 933124989, 'aconre12@ucoz.ru', '69173 Truax Circle'),
	('Gavan', 'Gavan Andrassy', '95061336', 771402348, 'gandrassy3@merriam-webster.com', '83 Miller Crossing'),
	('Darill', 'Darill Marrion', '96943502', 923505142, 'dmarrion16@prweb.com', '8 Hudson Court'),
	('Audra', 'Audra Statham', '96984129', 549867671, 'astatham8@qq.com', '465 Bobwhite Hill');
/*!40000 ALTER TABLE `clientes` ENABLE KEYS */;

-- Volcando estructura para tabla proyecto.pedidos
CREATE TABLE IF NOT EXISTS `pedidos` (
  `codigo_PEDIDOS` int NOT NULL,
  `fecha_hora` datetime DEFAULT NULL,
  `dni_CLIENTES` varchar(9) NOT NULL,
  PRIMARY KEY (`codigo_PEDIDOS`),
  KEY `fk_PEDIDOS_CLIENTES_idx` (`dni_CLIENTES`),
  CONSTRAINT `fk_PEDIDOS_CLIENTES` FOREIGN KEY (`dni_CLIENTES`) REFERENCES `clientes` (`dni`)
) ENGINE=InnoDB DEFAULT CHARSET=utf8;

-- Volcando datos para la tabla proyecto.pedidos: ~0 rows (aproximadamente)
/*!40000 ALTER TABLE `pedidos` DISABLE KEYS */;
INSERT INTO `pedidos` (`codigo_PEDIDOS`, `fecha_hora`, `dni_CLIENTES`) VALUES
	(1, '2020-12-01 12:30:21', '89891957'),
	(2, '2020-12-01 17:45:40', '27957229'),
	(3, '2020-12-02 19:15:06', '19698227'),
	(4, '2020-12-02 11:20:46', '95061336'),
	(5, '2020-12-03 13:05:32', '37928544'),
	(6, '2020-12-03 17:35:41', '19064094'),
	(7, '2020-12-04 18:09:22', '61127639'),
	(8, '2020-12-04 19:54:01', '11782798'),
	(9, '2020-12-05 17:39:22', '96984129'),
	(10, '2020-12-05 20:15:29', '70911844'),
	(11, '2020-12-06 12:30:21', '70603251'),
	(12, '2020-12-06 17:45:40', '87713720'),
	(13, '2020-12-07 19:15:06', '4630140'),
	(14, '2020-12-07 11:20:46', '27528486'),
	(15, '2020-12-08 13:05:32', '16118119'),
	(16, '2020-12-08 17:35:41', '74718871'),
	(17, '2020-12-09 18:09:22', '41485801'),
	(18, '2020-12-09 19:54:01', '2575792'),
	(19, '2020-12-10 17:39:22', '70682249'),
	(20, '2020-12-10 20:15:29', '21836743'),
	(21, '2020-12-11 12:30:21', '29767169'),
	(22, '2020-12-11 17:45:40', '59293203'),
	(23, '2020-12-12 19:15:06', '83083097'),
	(24, '2020-12-12 11:20:46', '55635056'),
	(25, '2020-12-13 13:05:32', '4405065'),
	(26, '2020-12-13 17:35:41', '39759662'),
	(27, '2020-12-14 18:09:22', '44662164'),
	(28, '2020-12-14 19:54:01', '47396607'),
	(29, '2020-12-15 17:39:22', '41000674'),
	(30, '2020-12-15 20:15:29', '68235223'),
	(31, '2020-12-16 12:30:21', '3728764'),
	(32, '2020-12-16 17:45:40', '70788474'),
	(33, '2020-12-17 19:15:06', '45908660'),
	(34, '2020-12-17 11:20:46', '89955395'),
	(35, '2020-12-18 13:05:32', '55835169'),
	(36, '2020-12-18 17:35:41', '90058139'),
	(37, '2020-12-19 18:09:22', '78072095'),
	(38, '2020-12-19 19:54:01', '22471218'),
	(39, '2020-12-20 17:39:22', '93039249'),
	(40, '2020-12-20 20:15:29', '59517225'),
	(41, '2020-12-21 12:30:21', '1598872'),
	(42, '2020-12-21 17:45:40', '6889839'),
	(43, '2020-12-22 19:15:06', '96943502'),
	(44, '2020-12-22 11:20:46', '72605563'),
	(45, '2020-12-23 13:05:32', '44480211'),
	(46, '2020-12-23 17:35:41', '11151697'),
	(47, '2020-12-24 18:09:22', '50826332'),
	(48, '2020-12-24 19:54:01', '77921135'),
	(49, '2020-12-25 17:39:22', '88038665'),
	(50, '2020-12-25 20:15:29', '59738979');
/*!40000 ALTER TABLE `pedidos` ENABLE KEYS */;

-- Volcando estructura para tabla proyecto.productos
CREATE TABLE IF NOT EXISTS `productos` (
  `codigo_PRODUCTOS` int NOT NULL,
  `marca` varchar(50) DEFAULT NULL,
  `modelo` varchar(75) DEFAULT NULL,
  `precio` decimal(10,2) DEFAULT NULL,
  `caracteristicas` varchar(1000) DEFAULT NULL,
  `dni_PROVEEDORES` varchar(9) NOT NULL,
  `tipo` varchar(25) DEFAULT NULL,
  `nombre_CATEGORIAS` varchar(50) NOT NULL,
  PRIMARY KEY (`codigo_PRODUCTOS`),
  KEY `fk_PRODUCTOS_PROVEEDORES1_idx` (`dni_PROVEEDORES`),
  KEY `fk_PRODUCTOS_CATEGORÍAS1_idx` (`nombre_CATEGORIAS`),
  CONSTRAINT `fk_PRODUCTOS_CATEGORÍAS1` FOREIGN KEY (`nombre_CATEGORIAS`) REFERENCES `categorias` (`nombre`),
  CONSTRAINT `fk_PRODUCTOS_PROVEEDORES1` FOREIGN KEY (`dni_PROVEEDORES`) REFERENCES `proveedores` (`dni`)
) ENGINE=InnoDB DEFAULT CHARSET=utf8;

-- Volcando datos para la tabla proyecto.productos: ~0 rows (aproximadamente)
/*!40000 ALTER TABLE `productos` DISABLE KEYS */;
INSERT INTO `productos` (`codigo_PRODUCTOS`, `marca`, `modelo`, `precio`, `caracteristicas`, `dni_PROVEEDORES`, `tipo`, `nombre_CATEGORIAS`) VALUES
	(1, 'ASUS', 'ROG Strix x570-F Gaming', 279.90, '·Socket AM4   ·Chipset x570   ·Factor de Forma ATX', '30490588', 'Componente Interno', 'Placas Bases'),
	(2, 'AMD', 'Ryzen 5 3600X', 249.90, '·6 Núcelos   ·12 Hilos   ·3.8 GHz', '30490588', 'Componente Interno', 'Procesadores'),
	(3, 'KINGSTON', 'HyperX Fury Black (PC-25600)', 81.00, '·3200 MHz   ·CL16   ·16 GB (2x8)', '30490588', 'Componente Interno', 'Memorias RAMs'),
	(4, 'SEAGATE', 'BarraCuda ST2000DM 008-2FR102', 56.93, '·2 TB   ·SATA 3 (HDD)', '1356895', 'Componente Interno', 'Discos Duros'),
	(5, 'MSI', 'GeForce RTX 2060 Super Gaming X OC', 496.10, '·8 GB   ·1695 MHz', '1356895', 'Componente Interno', 'Tarjetas Gráficas'),
	(6, 'CORSAIR', 'RM850', 124.90, '·850 W   ·Plus Gold', '1356895', 'Componente Interno', 'Fuentes de Alimentación'),
	(7, 'ASUS', 'PCE-AC56', 48.98, '·2 GHz /5GHz   ·1300 Mbps', '5817502', 'Componente Interno', 'Tarjetas de Red'),
	(8, 'NFORTEC', 'Krater', 79.80, '·Negro   ·Factor de Forma ATX', '5817502', 'Compente Externo', 'Torres'),
	(9, 'ASUS', 'VG248QZ', 175.00, '·24"   ·144 Hz', '65270688', 'Componente Externo', 'Monitores'),
	(10, 'LOGITECH', 'Internet 350 Keyboard', 27.95, '·USB   ·Teclas de Membrana', '44768757', 'Componente Externo', 'Teclados'),
	(11, 'LOGITECH', 'B100', 4.99, '·USB   ·800 DPI', '44768757', 'Componente Externo', 'Ratones'),
	(12, 'MSI', 'B450 Gaming Plus MAX', 94.99, '·Socket AM4   ·Chipset B450   ·Factor de Forma ATX', '30490588', 'Componente Interno', 'Placas Bases'),
	(13, 'AMD', 'Ryzen 5 2600X', 157.90, '·6 Núcelos   ·12 Hilos   ·3.6 GHz', '30490588', 'Componente Interno', 'Procesadores'),
	(14, 'G.SKILL', 'Trident Z RGB (PC4-25600)', 104.99, '·3200 MHz   ·CL16   ·16 GB (2x8)', '30490588', 'Componente Interno', 'Memorias RAMs'),
	(15, 'CORSAIR', 'MP400', 132.95, '·1 TB   ·M.2 (PCI-E 3.0)', '1356895', 'Componente Interno', 'Discos Duros'),
	(16, 'KINGSTON', 'A400', 25.95, '·240 GB   ·SATA 3 (SSD)', '1356895', 'Componente Interno', 'Discos Duros'),
	(17, 'ASUS', 'GeForce GTX 1660 Super OC Gaming', 319.95, '·6 GB   ·14002 MHz', '1356895', 'Componente Interno', 'Tarjetas Gráficas'),
	(18, 'CORSAIR', 'CV650', 59.99, '·650 W   ·Plus Bronce', '1356895', 'Componente Interno', 'Fuentes de Alimentación'),
	(19, 'NFORTEC', 'Draco V2', 67.99, '·Negro   ·Factor de Forma ATX', '5817502', 'Componente Interno', 'Torres'),
	(20, 'TP-LINK', 'Archer T2U Nano', 15.50, '·2 GHz / 5GHz   ·600 Mbps', '5817502', 'Componente Externo', 'Tarjetas de Red'),
	(21, 'GIGABYET', 'B450M DS3H V2', 72.99, '·Socket AM4   ·Chipset B450   ·Factor de Forma Micro ATX', '30490588', 'Componente Interno', 'Placas Bases'),
	(22, 'GIGABYTE', 'B450 Aorus Elite V2', 99.99, '·Socket AM4   ·Chipset B450   ·ATX', '30490588', 'Componente Interno', 'Placas Bases'),
	(23, 'ASUS', 'Prime B450-Plus', 90.99, '·Socket AM4   ·Chipset B450   ·Factor de Forma ATX', '30490588', 'Componente Interno', 'Placas Bases'),
	(24, 'ASROCK', 'B365M Phantom Gaming 4', 93.75, '·Socket LGA 1151   ·Chipset B365   ·Factor de Forma Micro ATX', '30490588', 'Componente Interno', 'Placas Bases'),
	(25, 'ASUS', 'TUF Gaming B460-Plus', 112.91, '·Socket LGA 1200   ·Chipset B460   ·Factor de Forma ATX', '30490588', 'Componente Interno', 'Placas Bases'),
	(26, 'MSI', 'B450 I Plus Max WIFI', 82.99, '·Socket AM4   ·Chipset B450   ·Factor de Forma Mini ITX', '30490588', 'Componente Interno', 'Placas Bases'),
	(27, 'MSI', 'H410I', 98.67, '·Socket LGA 1200   ·Chipset H410   ·Factor de Forma Mini ITX', '30490588', 'Componente Interno', 'Placas Bases'),
	(28, 'GIGABYTE', 'Z490 Aorus Xtreme Waterforce', 1267.90, '·Socket 1200   ·Chipset Z490   ·Factor de Forma Extended ATX', '30490588', 'Componente Interno', 'Placas Bases'),
	(29, 'GIGABYTE', 'TRX40 Aorus Pro WIFI', 429.90, '·Socket sTRX4   ·Chipset TRX40   ·Factor de Forma ATX', '30490588', 'Componente Interno', 'Placas Bases'),
	(30, 'GIGABYTE', 'Z490M', 129.91, '·Socket LGA 1200   ·Chipset Z490   ·Factor de Forma Micro ATX', '30490588', 'Componente Interno', 'Placas Bases'),
	(31, 'AMD', 'Ryzen 3 3100 Wrait Stealth', 114.90, '·4 Núcleos   ·8 Hilos   ·3.6 GHz', '30490588', 'Componente Interno', 'Procesadores'),
	(32, 'AMD', 'Ryzen 5 1600', 241.32, '·6 Núcleos   ·12 Hilos   ·3.2 GHz', '30490588', 'Componente Interno', 'Procesadores'),
	(33, 'AMD', 'Ryzen Threadripper 3990X', 4336.93, '·64 Núcleos   ·128 Hilos   ·2.9 Ghz', '30490588', 'Componente Interno', 'Procesadores'),
	(34, 'AMD', 'Ryzen 7 3800X', 349.90, '·8 Núcleos   ·16 Hilos   ·3.9 GHz', '30490588', 'Componente Interno', 'Procesadores'),
	(35, 'AMD', 'Ryzen 9 3950X', 719.90, '·16 Núcleos   ·32 Hilos   ·3.5 GHz', '30490588', 'Componente Interno', 'Procesadores'),
	(36, 'INTEL', 'Core i3-10100', 109.90, '·4 Núcleos   ·8 Hilos   ·3.6 GHz', '30490588', 'Componente Interno', 'Procesadores'),
	(37, 'INTEL', 'Core i9-9900K', 389.90, '·8 Núcleos   ·16 Hilos   ·3.6 GHz', '30490588', 'Componente Interno', 'Procesadores'),
	(38, 'INTEL', 'Core i5-8400', 139.90, '·6 Núcleos   ·6 Hilos   ·2.8 GHz', '30490588', 'Componente Interno', 'Procesadores'),
	(39, 'INTEL', 'Core i7-9700', 249.90, '·8 Núcleos   ·8 Hilos   ·3 GHz', '30490588', 'Componente Interno', 'Procesadores'),
	(40, 'INTEL', 'Core i9-10900K', 549.90, '·10 Núcleos   ·20 Hilos   ·3.7 GHz', '30490588', 'Componente Interno', 'Procesadores'),
	(41, 'KINGSTON', 'HyperX Fury RGB (PC-52600)', 153.00, '·3200 MHz   ·CL16   ·32 GB (2x16)', '30490588', 'Componente Interno', 'Memorias RAMs'),
	(42, 'CRUCIAL', 'PC4-19200', 37.44, '·2400 MHz   ·CL17   ·8 GB (1x8)', '30490588', 'Componente Interno', 'Memorias RAMs'),
	(43, 'KINGSTON', 'HyperX Fury Black (PC4-28800)', 179.00, '·3600 MHz   ·CL18   ·32 GB (2x16)', '30490588', 'Componente Interno', 'Memorias RAMs'),
	(44, 'TEAM GROUP', 'Elite (PC4-19200)', 21.01, '·2400 MHz   ·CL16   ·4 GB (1x4)', '30490588', 'Componente Interno', 'Memorias RAMs'),
	(45, 'KINGSTON', 'HyperX Fury Black (PC-231300)', 23.00, '·2666 MHz   ·CL16   ·4 GB (1x4)', '30490588', 'Componente Interno', 'Memorias RAMs'),
	(46, 'CORSAIR', 'TX750M', 104.89, '·750W   ·80 Plus Gold', '1356895', 'Componente Interno', 'Fuentes de Alimentación'),
	(47, 'TACENS', 'Anima APB550', 31.85, '·550 W   ·80 Plus Bronce', '1356895', 'Componente Interno', 'Fuentes de Alimentación'),
	(48, 'SILVERSTONE', 'ST65F-PT v1.1', 123.00, '·650 W   ·80 Plus Platinum', '1356895', 'Componente Interno', 'Fuentes de Alimentación'),
	(49, 'SILVERSTONE', 'SST-ST40F-ES230', 33.00, '·400 W   ·80 Plus Standard', '1356895', 'Componente Interno', 'Fuentes de Alimentación'),
	(50, 'TACENS', 'Radix VII AG', 69.99, '·800 W   ·80 Plus Silver', '1356895', 'Componente Interno', 'Fuentes de Alimentación'),
	(51, 'GIGABYTE', 'GeForce GTX 1070 AERO ITX OC', 297.15, '·8 GB   ·8008 MHz', '1356895', 'Componente Interno', 'Tarjetas Gráficas'),
	(52, 'MSI', 'GeForce GT 710 Low Profile', 44.99, '·2 GB   ·1600 MHz', '1356895', 'Componente Interno', 'Tarjetas Gráficas'),
	(53, 'GIGABYTE', 'GeForce GT 710 Low Profile', 34.60, '·1 GB   ·954 MHz', '1356895', 'Componente Interno', 'Tarjetas Gráficas'),
	(54, 'MSI', 'AMD Radeon RX 6800 GAMING X TRIO', 699.90, '·16 GB   ·2155 MHz', '1356895', 'Componente Interno', 'Tarjetas Gráficas'),
	(55, 'ASUS', 'Radeon RX 580 Dual OC', 309.94, '·8 GB   ·1360 MHz', '1356895', 'Componente Interno', 'Tarjetas Gráficas'),
	(56, 'WD', 'Blue WD10EZEX', 43.00, '·2 TB   ·SATA 3 (HDD)', '1356895', 'Componente Interno', 'Discos Duros'),
	(57, 'SAMSUNG', '860 EVO Basic', 123.00, '·1 TB   ·SATA 3 (SSD)', '1356895', 'Componente Interno', 'Discos Duros'),
	(58, 'WD', 'Blue SN550', 100.86, '1 TB   ·M.2 (PCI-E 3.0)', '1356895', 'Componente Interno', 'Discos Duros'),
	(59, 'GIGABYTE', 'Aorus', 197.09, '2 TB   ·M.2 (PCI-E 4.0)', '1356895', 'Componente Interno', 'Discos Duros'),
	(60, 'TOSHIBA', 'P300', 43.00, '·1 TB   ·SATA 3 (HDD)', '1356895', 'Componente Interno', 'Discos Duros'),
	(61, 'CORSAIR', 'Carbide 275Q', 84.99, '·Negro   ·Factor de Forma ATX', '5817502', 'Componente Externo', 'Torres'),
	(62, 'NOX', 'LITE030', 31.99, '·Negro   ·Factor de Forma Micro ATX', '5817502', 'Componente Externo', 'Torres'),
	(63, 'L-LINK', 'Magna Slim', 34.99, '·Negro   ·Factor de Forma Micro ATX', '5817502', 'Componente Externo', 'Torres'),
	(64, 'NZXT', 'H510 Elite', 159.99, '·Blanco   ·Factor de Forma Mini ITX', '5817502', 'Componente Externo', 'Torres'),
	(65, 'SILVERSTONE', 'SG13', 49.01, '·Negro   ·Factor de Forma Mini ITX', '5817502', 'Componente Externo', 'Torres'),
	(66, 'LOGITECH', 'MK295 Silen', 29.98, '·USB (Inalámbrico)   ·Teclas de Membrana', '44768757', 'Componente Externo', 'Teclados'),
	(67, 'L-LINK', 'LL-KB-816', 5.99, '·USB (Cable)   ·Teclas de Membrana', '44768757', 'Componente Externo', 'Teclados'),
	(68, 'LOGITECH', 'MX Keys', 99.99, '·USB (Inalámbrico)   ·Teclas de Membrana', '44768757', 'Componente Externo', 'Teclados'),
	(69, 'MSI', 'Vigor GK50 Elite', 84.99, '·USB (Cable)   ·Teclas Mecánicas', '44768757', 'Componente Externo', 'Teclados'),
	(70, 'LOGITECH', 'G915 TKL RGB', 199.00, '·USB (Inalámbrico)   ·Teclas Mecánicas', '44768757', 'Componente Externo', 'Teclados'),
	(71, 'LOGITECH', 'G203 Lightsync 2nd', 28.99, '·USB (Cable)   ·8000 DPI', '44768757', 'Componente Externo', 'Ratones'),
	(72, 'MSI', 'Clutch GM50', 59.94, '·USB (Cable)   ·7200 DPI', '44768757', 'Componente Externo', 'Ratones'),
	(73, 'LOGITECH', ' M185', 10.90, '·USB (Inalámbrico)   ·1000 DPI', '44768757', 'Componente Externo', 'Ratones'),
	(74, 'RAZER', 'Viper Ultimate', 219.03, '·USB (Inalámbrico)   ·20000 DPI', '44768757', 'Componente Externo', 'Ratones'),
	(75, 'ASUS', 'ROG Spatha', 137.61, '·USB (Cable)   ·8200 DPI', '44768757', 'Componente Externo', 'Ratones'),
	(76, 'ASUS', 'VS197DE', 68.75, '·19"   ·75 Hz', '65270688', 'Componente Externo', 'Monitores'),
	(77, 'ACER', 'K24HLBD', 80.12, '·24"   ·75 Hz', '65270688', 'Componente Externo', 'Monitores'),
	(78, 'ACER', 'V196QLAB', 84.38, '·18.5   ·60 Hz', '65270688', 'Componente Externo', 'Monitores'),
	(79, 'ASUS', 'MX38VC', 1324.87, '·37.5"   ·75 Hz', '65270688', 'Componente Externo', 'Monitores'),
	(80, 'MSI', 'Optix MAG342CQRV', 448.99, '·34"   ·100 Hz', '65270688', 'Componente Externo', 'Monitores'),
	(81, 'LOGITECH', 'Z120', 16.99, '·Mini Jack     ·1.2 W', '65270688', 'Componente Externo', 'Altavoces'),
	(82, 'LOGITECH', 'Z333', 48.98, '·USB   ·80 W', '65270688', 'Componente Externo', 'Altavoces'),
	(83, 'WOXTER', 'Big Bass 260 S', 59.98, '·USB   ·150 W', '65270688', 'Componente Externo', 'Altavoces'),
	(84, 'TACENS', 'Anima AS1', 8.91, '·Mini Jack   ·8 W', '65270688', 'Componente Externo', 'Altavoces'),
	(85, 'HAMA', 'Sonic Mobil 185', 8.99, '·Mini Jack   ·3W', '65270688', 'Componente Externo', 'Altavoces'),
	(86, 'HP', 'Pro M15A', 84.00, '·USB (Cable)   ·Monocromo', '65270688', 'Componente Externo', 'Impresoras'),
	(87, 'HP', 'Pro M15W', 109.99, '·Wi-Fi   ·Monocromo', '65270688', 'Componente Externo', 'Impresoras'),
	(88, 'BROTHER', 'HL-L2350DW', 114.40, '·Wi-Fi   ·Monocromo', '65270688', 'Componente Externo', 'Impresoras'),
	(89, 'HP', 'Pro 8210', 112.14, '·Wi-Fi   ·Color', '65270688', 'Componente Externo', 'Impresoras'),
	(90, 'CANON', 'Pixma G1501', 145.94, '·USB (Cable)   ·Color', '65270688', 'Componente Externo', 'Impresoras'),
	(91, 'MSI', 'Z390-A', 124.90, '·Socket LGA 1151   ·Chipset Z390   ·Factor de Forma ATX', '30490588', 'Componente Interno', 'Placas Bases'),
	(92, 'AMD', 'Ryzen 5 3600', 209.90, '·6 Núcleos   ·12 Hilos   ·3.6 GHz', '30490588', 'Componente Interno', 'Procesadores'),
	(93, 'CRUCIAL', 'CT4G4DFS8266', 23.99, '2666 MHz   ·CL19   ·4 GB (1x4)', '30490588', 'Componente Interno', 'Memorias RAMs'),
	(94, 'CRUCIAL', 'MX500', 62.00, '·500 GB   ·SATA 3 (SSD)', '1356895', 'Componente Interno', 'Discos Duros'),
	(95, 'EVGA', 'Ge Force RTX 3090 FTW3 Ultra Gaming', 1959.90, '·24 GB   ·19500 MHz', '1356895', 'Componente Interno', 'Tarjetas Gráficas'),
	(96, 'ASUS', 'PCE-AC51', 27.50, '·Wi-Fi   ·300 Mbps', '5817502', 'Componente Interno', 'Tarjetas de Red'),
	(97, 'TP-LINK', 'Archer', 25.99, '·Wi-Fi   ·867 Mbps', '5817502', 'Componente Interno', 'Tarjetas de Red'),
	(98, 'TP-LINK', 'ARCHER T2U Plus', 16.99, '·Wi-Fi   ·200 Mbps', '5817502', 'Componente Externo', 'Tarjetas de Red'),
	(99, 'TP-LINK', 'TG-3468', 11.59, '·Ethernet   ·1000 Mbps', '5817502', 'Componente Externo', 'Tarjetas de Red'),
	(100, 'ASUS', 'XG-C100C', 84.98, '·Ethernet   ·10 Gbps', '5817502', 'Componente Externo', 'Tarjetas de Red');
/*!40000 ALTER TABLE `productos` ENABLE KEYS */;

-- Volcando estructura para tabla proyecto.proveedores
CREATE TABLE IF NOT EXISTS `proveedores` (
  `nombre` varchar(45) DEFAULT NULL,
  `apellidos` varchar(90) DEFAULT NULL,
  `dni` varchar(9) NOT NULL,
  `telefono` int DEFAULT NULL,
  `email` varchar(100) DEFAULT NULL,
  PRIMARY KEY (`dni`)
) ENGINE=InnoDB DEFAULT CHARSET=utf8;

-- Volcando datos para la tabla proyecto.proveedores: ~0 rows (aproximadamente)
/*!40000 ALTER TABLE `proveedores` DISABLE KEYS */;
INSERT INTO `proveedores` (`nombre`, `apellidos`, `dni`, `telefono`, `email`) VALUES
	('Carolin', 'Carolin Burder', '1356895', 356605400, 'cburder1@elegantthemes.com'),
	('Stanford', 'Stanford Kanter', '30490588', 599418295, 'skanter0@latimes.com'),
	('Leonardo', 'Leonardo Kohlert', '44768757', 630483376, 'lkohlert3@cdc.gov'),
	('Henryetta', 'Henryetta Maberley', '5817502', 370597666, 'hmaberley2@typepad.com'),
	('Flss', 'Flss Grissett', '65270688', 649382526, 'fgrissett4@cyberchimps.com');
/*!40000 ALTER TABLE `proveedores` ENABLE KEYS */;

-- Volcando estructura para tabla proyecto.ticket
CREATE TABLE IF NOT EXISTS `ticket` (
  `codigo_PEDIDOS` int NOT NULL,
  `codigo_PRODUCTOS` int NOT NULL,
  `precioUnitario` varchar(10) DEFAULT NULL,
  `cantidad` varchar(10) DEFAULT NULL,
  PRIMARY KEY (`codigo_PEDIDOS`,`codigo_PRODUCTOS`),
  KEY `fk_PEDIDOS_has_PRODUCTOS_PRODUCTOS1_idx` (`codigo_PRODUCTOS`),
  KEY `fk_PEDIDOS_has_PRODUCTOS_PEDIDOS1_idx` (`codigo_PEDIDOS`),
  CONSTRAINT `fk_PEDIDOS_has_PRODUCTOS_PEDIDOS1` FOREIGN KEY (`codigo_PEDIDOS`) REFERENCES `pedidos` (`codigo_PEDIDOS`),
  CONSTRAINT `fk_PEDIDOS_has_PRODUCTOS_PRODUCTOS1` FOREIGN KEY (`codigo_PRODUCTOS`) REFERENCES `productos` (`codigo_PRODUCTOS`)
) ENGINE=InnoDB DEFAULT CHARSET=utf8;

-- Volcando datos para la tabla proyecto.ticket: ~0 rows (aproximadamente)
/*!40000 ALTER TABLE `ticket` DISABLE KEYS */;
INSERT INTO `ticket` (`codigo_PEDIDOS`, `codigo_PRODUCTOS`, `precioUnitario`, `cantidad`) VALUES
	(1, 1, '279.90', '1'),
	(1, 2, '249.90', '1'),
	(1, 3, '81', '1'),
	(1, 4, '56.93', '1'),
	(1, 5, '496.10', '1'),
	(1, 6, '124.90', '1'),
	(1, 7, '48.98', '1'),
	(1, 8, '79.80', '1'),
	(1, 9, '175', '1'),
	(1, 16, '25.95', '1'),
	(1, 58, '100.86', '1'),
	(1, 67, '5.99', '1'),
	(1, 73, '10.90', '1'),
	(2, 8, '79.80', '1'),
	(2, 12, '94.99', '1'),
	(2, 13, '157.90', '1'),
	(2, 14, '104.99', '1'),
	(2, 15, '132.95', '1'),
	(2, 17, '319.95', '1'),
	(2, 18, '59.99', '1'),
	(2, 98, '16.99', '1'),
	(3, 76, '68.75', '1'),
	(3, 84, '8.91', '2'),
	(4, 60, '43', '2'),
	(4, 77, '80.12', '1'),
	(4, 86, '84', '1'),
	(5, 66, '29.98', '2'),
	(5, 71, '28.99', '1'),
	(5, 82, '49.98', '1'),
	(6, 38, '139.90', '1'),
	(6, 42, '37.44', '2'),
	(6, 47, '31.85', '1'),
	(6, 56, '43', '1'),
	(7, 63, '34.99', '1'),
	(8, 52, '44.99', '1'),
	(8, 60, '43', '1'),
	(8, 67, '5.99', '2'),
	(9, 99, '11.59', '3'),
	(10, 88, '114.40', '1'),
	(10, 93, '23.99', '4'),
	(11, 66, '29.98', '2'),
	(11, 71, '28.99', '2'),
	(11, 81, '16.99', '2'),
	(11, 89, '112.14', '1'),
	(12, 21, '72.99', '1'),
	(12, 31, '114.90', '1'),
	(12, 42, '37.44', '2'),
	(12, 47, '31.85', '1'),
	(12, 60, '43', '1'),
	(12, 61, '84.99', '1'),
	(12, 76, '68.75', '1'),
	(13, 71, '28.99', '1'),
	(14, 35, '719.90', '1'),
	(14, 41, '153', '1'),
	(14, 46, '104.89', '1'),
	(15, 49, '33', '2'),
	(15, 56, '43', '1'),
	(16, 27, '98.67', '1'),
	(16, 63, '34.99', '1'),
	(16, 71, '28.99', '2'),
	(17, 62, '31.99', '1'),
	(17, 72, '59.94', '1'),
	(17, 77, '80.12', '1'),
	(18, 39, '249.90', '1'),
	(18, 43, '179', '1'),
	(18, 50, '69.99', '1'),
	(18, 59, '197.09', '1'),
	(18, 61, '84.99', '1'),
	(18, 91, '124.90', '1'),
	(18, 96, '27.50', '1'),
	(19, 18, '59.99', '1'),
	(20, 20, '15.50', '1'),
	(20, 25, '112.91', '1'),
	(20, 68, '99.99', '1'),
	(21, 19, '67.99', '1'),
	(21, 26, '82.99', '1'),
	(21, 32, '241.32', '1'),
	(21, 42, '37.44', '4'),
	(21, 48, '123', '1'),
	(21, 51, '297.15', '1'),
	(21, 99, '11.59', '1'),
	(22, 54, '699.90', '1'),
	(22, 90, '145.94', '1'),
	(23, 70, '199', '1'),
	(23, 75, '137.91', '1'),
	(24, 77, '80.12', '1'),
	(24, 83, '59.98', '1'),
	(24, 86, '84', '1'),
	(24, 92, '209.90', '1'),
	(25, 82, '48.98', '1'),
	(25, 94, '62', '1'),
	(25, 100, '84.98', '1'),
	(26, 2, '249.90', '1'),
	(26, 25, '112.91', '2'),
	(27, 4, '56.93', '1'),
	(27, 8, '79.80', '1'),
	(27, 23, '90.99', '1'),
	(27, 34, '349.90', '1'),
	(27, 42, '37.44', '2'),
	(27, 46, '104.89', '1'),
	(27, 51, '297.15', '1'),
	(28, 65, '49.01', '1'),
	(28, 73, '10.90', '1'),
	(28, 76, '68.75', '1'),
	(29, 4, '56.93', '1'),
	(29, 25, '112.91', '1'),
	(29, 40, '549.90', '1'),
	(29, 43, '179', '2'),
	(29, 50, '69.99', '1'),
	(29, 54, '699.90', '1'),
	(29, 59, '197.09', '1'),
	(29, 68, '99.99', '1'),
	(29, 75, '137.61', '1'),
	(29, 80, '448.99', '1'),
	(29, 83, '59.98', '1'),
	(29, 89, '112.14', '4'),
	(29, 100, '84.98', '1'),
	(30, 94, '62', '3'),
	(30, 96, '27.50', '1'),
	(31, 28, '1267.90', '1'),
	(31, 33, '4336.93', '1'),
	(31, 41, '153', '4'),
	(31, 50, '69.99', '1'),
	(31, 59, '197.09', '2'),
	(31, 61, '84.99', '1'),
	(31, 95, '1959.90', '1'),
	(31, 98, '11.59', '1'),
	(32, 74, '219.03', '6'),
	(32, 80, '448.99', '1'),
	(32, 85, '8.99', '2'),
	(32, 87, '109.99', '1'),
	(32, 94, '62', '3'),
	(32, 99, '11.59', '1'),
	(33, 38, '139.90', '1'),
	(33, 46, '109.89', '1'),
	(33, 56, '43', '2'),
	(33, 80, '448.99', '1'),
	(33, 94, '62', '2'),
	(34, 9, '175', '1'),
	(34, 32, '241.32', '2'),
	(34, 43, '179', '1'),
	(34, 78, '84.38', '1'),
	(35, 1, '279.90', '1'),
	(35, 5, '496.10', '3'),
	(35, 11, '4.99', '2'),
	(35, 15, '132.95', '1'),
	(35, 16, '25.95', '2'),
	(35, 17, '319.95', '1'),
	(35, 20, '15.50', '2'),
	(35, 21, '72.99', '1'),
	(35, 30, '129.91', '1'),
	(36, 20, '15.50', '1'),
	(36, 21, '72.99', '1'),
	(36, 24, '93.75', '1'),
	(36, 27, '98.67', '1'),
	(36, 29, '429.90', '1'),
	(36, 34, '349.90', '2'),
	(36, 44, '21.01', '5'),
	(36, 46, '104.89', '2'),
	(37, 30, '129.91', '2'),
	(37, 37, '389.90', '1'),
	(37, 42, '37.44', '1'),
	(37, 53, '34.60', '2'),
	(37, 60, '43', '2'),
	(37, 62, '31.99', '1'),
	(37, 66, '29.89', '2'),
	(37, 71, '28.99', '2'),
	(37, 79, '1324.87', '1'),
	(38, 29, '429.90', '2'),
	(38, 37, '389.90', '1'),
	(38, 40, '549.90', '2'),
	(38, 46, '104.89', '1'),
	(38, 47, '31.85', '1'),
	(38, 48, '123', '2'),
	(39, 69, '84.99', '2'),
	(39, 81, '16.99', '1'),
	(40, 62, '31.99', '2'),
	(40, 68, '99.99', '1'),
	(40, 80, '448.99', '1'),
	(40, 81, '16.99', '2'),
	(40, 100, '84.98', '2'),
	(41, 38, '139.90', '3'),
	(41, 41, '153', '1'),
	(41, 54, '699.90', '1'),
	(41, 56, '43', '2'),
	(41, 64, '159.99', '1'),
	(41, 82, '16.99', '1'),
	(41, 93, '23.99', '2'),
	(42, 65, '49.01', '1'),
	(42, 70, '199', '2'),
	(42, 82, '48.98', '2'),
	(42, 83, '59.89', '1'),
	(42, 87, '109.99', '2'),
	(42, 91, '209.90', '1'),
	(42, 92, '209.90', '1'),
	(43, 37, '389.90', '1'),
	(43, 41, '153', '1'),
	(43, 52, '44.99', '1'),
	(43, 67, '5.99', '3'),
	(43, 73, '10.90', '2'),
	(44, 7, '48.98', '1'),
	(44, 14, '104.99', '1'),
	(44, 32, '241.32', '2'),
	(44, 35, '349.90', '1'),
	(44, 43, '179', '1'),
	(44, 53, '34.60', '2'),
	(44, 58, '100.86', '2'),
	(44, 59, '197.09', '1'),
	(45, 6, '124.90', '1'),
	(45, 32, '241.32', '1'),
	(45, 56, '43', '2'),
	(45, 57, '123', '2'),
	(45, 84, '8.91', '2'),
	(45, 100, '84.98', '1'),
	(46, 8, '79.90', '2'),
	(46, 21, '72.99', '1'),
	(46, 26, '82.99', '1'),
	(46, 34, '349.90', '1'),
	(46, 38, '139.90', '1'),
	(46, 40, '549.90', '1'),
	(46, 51, '297.15', '1'),
	(46, 77, '80.12', '1'),
	(46, 85, '8.99', '2'),
	(47, 24, '93.75', '1'),
	(47, 38, '139.90', '1'),
	(47, 46, '104.89', '2'),
	(47, 49, '33', '2'),
	(47, 78, '84.38', '1'),
	(48, 2, '249.90', '1'),
	(48, 29, '429.90', '1'),
	(48, 61, '84.99', '1'),
	(48, 67, '5.99', '2'),
	(48, 81, '48.98', '3'),
	(48, 86, '84', '2'),
	(48, 93, '23.99', '1'),
	(49, 13, '157.90', '1'),
	(49, 15, '132.95', '1'),
	(49, 31, '114.90', '1'),
	(49, 47, '31.85', '2'),
	(49, 52, '44.99', '3'),
	(49, 78, '84.38', '1'),
	(50, 1, '279.90', '1'),
	(50, 2, '279.90', '2'),
	(50, 3, '81', '2'),
	(50, 12, '94.99', '1'),
	(50, 21, '72.99', '2'),
	(50, 56, '43', '3'),
	(50, 72, '59.94', '1'),
	(50, 75, '137.61', '1'),
	(50, 100, '84.98', '1');
/*!40000 ALTER TABLE `ticket` ENABLE KEYS */;

/*!40101 SET SQL_MODE=IFNULL(@OLD_SQL_MODE, '') */;
/*!40014 SET FOREIGN_KEY_CHECKS=IF(@OLD_FOREIGN_KEY_CHECKS IS NULL, 1, @OLD_FOREIGN_KEY_CHECKS) */;
/*!40101 SET CHARACTER_SET_CLIENT=@OLD_CHARACTER_SET_CLIENT */;
/*!40111 SET SQL_NOTES=@OLD_SQL_NOTES */;
